https://en.wikipedia.org/wiki/1943			
https://en.wikipedia.org/wiki/1987			
https://en.wikipedia.org/wiki/1918			
https://en.wikivoyage.org/wiki/			
https://en.wikipedia.org/wiki/Wikipedia:Help_desk			
https://en.wikipedia.org/wiki/1660			
https://en.wikipedia.org/wiki/Wikipedia:General_disclaimer			
https://en.wikipedia.org/wiki/1470			
https://foundation.wikimedia.org/wiki/Cookie_statement			
https://en.wikipedia.org/wiki/2020_Summer_Olympics			
https://en.wikipedia.org/wiki/Hans_Magnus_Enzensberger			
https://en.wikipedia.org//foundation.wikimedia.org/wiki/Privacy_policy			
https://en.wikipedia.org/wiki/Special:MyContributions			
https://sh.wikipedia.org/wiki/			
https://en.wikipedia.org/w/index.php?title=Special:DownloadAsPdf&amp;page=Main_Page&amp;action=show-download-screen			
https://en.wikipedia.org//en.wikipedia.org/wiki/Wikipedia:Contact_us			
https://en.wikipedia.org/wiki/2022_West_Java_earthquake			
https://en.wikiversity.org/wiki/			
https://en.wikipedia.org/wiki/Wikipedia:Featured_lists			
https://ka.wikipedia.org/wiki/			
